ID,First Name,Last Name,Email,Joining Date
1,John,Terry,john_terry@yahoo.com,15/06/1990
2,Wayne,Sara,sara789@yahoo.com,12/10/1992
4,John,Terry,john_terry@yahoo.com,15/06/1990
3,John,Terry,john_terry@yahoo.com,03/05/1982
7,Wayne,Sara,sara789@yahoo.com,
5,John,Terry,john_terry@yahoo.com,
6,John,Terry,john_terry@yahoo.com,
8,Wayne,Sara,sara789@yahoo.com,
9,John,Terry,john_terry@yahoo.com,
10,John,Terry,john_terry@yahoo.com,
11,Wayne,Sara,sara789@yahoo.com,
12,John,Terry,john_terry@yahoo.com,
13,John,Terry,john_terry@yahoo.com,
14,Wayne,Sara,sara789@yahoo.com,
15,John,Terry,john_terry@yahoo.com,
16,John,Terry,john_terry@yahoo.com,
17,Wayne,Sara,sara789@yahoo.com,
18,John,Terry,john_terry@yahoo.com,
19,John,Terry,john_terry@yahoo.com,
20,Wayne,Sara,sara789@yahoo.com,
21,John,Terry,john_terry@yahoo.com,
22,John,Terry,john_terry@yahoo.com,
23,Wayne,Sara,sara789@yahoo.com,
24,John,Terry,john_terry@yahoo.com,
25,John,Terry,john_terry@yahoo.com,
26,Wayne,Sara,sara789@yahoo.com,
27,John,Terry,john_terry@yahoo.com,
28,John,Terry,john_terry@yahoo.com,
29,Wayne,Sara,sara789@yahoo.com,
30,John,Terry,john_terry@yahoo.com,
31,John,Terry,john_terry@yahoo.com,
32,Wayne,Sara,sara789@yahoo.com,
33,John,Terry,john_terry@yahoo.com,
34,John,Terry,john_terry@yahoo.com,
35,Wayne,Sara,sara789@yahoo.com,15/06/1990
36,John,Terry,john_terry@yahoo.com,12/10/1992
37,John,Terry,john_terry@yahoo.com,15/06/1990
38,Wayne,Sara,sara789@yahoo.com,03/05/1982
39,John,Terry,john_terry@yahoo.com,
40,John,Terry,john_terry@yahoo.com,
41,Wayne,Sara,sara789@yahoo.com,
42,John,Terry,john_terry@yahoo.com,
43,John,Terry,john_terry@yahoo.com,
44,Wayne,Sara,sara789@yahoo.com,
45,John,Terry,john_terry@yahoo.com,
46,John,Terry,john_terry@yahoo.com,
47,Wayne,Sara,sara789@yahoo.com,
48,John,Terry,john_terry@yahoo.com,
49,John,Terry,john_terry@yahoo.com,
50,Wayne,Sara,sara789@yahoo.com,
51,John,Terry,john_terry@yahoo.com,
52,John,Terry,john_terry@yahoo.com,
53,Wayne,Sara,sara789@yahoo.com,
54,John,Terry,john_terry@yahoo.com,
55,John,Terry,john_terry@yahoo.com,
56,Wayne,Sara,sara789@yahoo.com,
57,John,Terry,john_terry@yahoo.com,
58,John,Terry,john_terry@yahoo.com,
59,Wayne,Sara,sara789@yahoo.com,
60,John,Terry,john_terry@yahoo.com,
61,John,Terry,john_terry@yahoo.com,
62,Wayne,Sara,sara789@yahoo.com,
63,John,Terry,john_terry@yahoo.com,
64,John,Terry,john_terry@yahoo.com,
65,Wayne,Sara,sara789@yahoo.com,
66,John,Terry,john_terry@yahoo.com,
67,John,Terry,john_terry@yahoo.com,
68,Wayne,Sara,sara789@yahoo.com,
69,John,Terry,john_terry@yahoo.com,
70,John,Terry,john_terry@yahoo.com,
71,Wayne,Sara,sara789@yahoo.com,
72,John,Terry,john_terry@yahoo.com,15/06/1990
73,John,Terry,john_terry@yahoo.com,12/10/1992
74,Wayne,Sara,sara789@yahoo.com,15/06/1990
75,John,Terry,john_terry@yahoo.com,03/05/1982
76,John,Terry,john_terry@yahoo.com,
77,Wayne,Sara,sara789@yahoo.com,
78,John,Terry,john_terry@yahoo.com,
79,John,Terry,john_terry@yahoo.com,
80,Wayne,Sara,sara789@yahoo.com,
81,John,Terry,john_terry@yahoo.com,
82,John,Terry,john_terry@yahoo.com,
83,Wayne,Sara,sara789@yahoo.com,
84,John,Terry,john_terry@yahoo.com,
85,John,Terry,john_terry@yahoo.com,
86,Wayne,Sara,sara789@yahoo.com,
87,John,Terry,john_terry@yahoo.com,
88,John,Terry,john_terry@yahoo.com,
89,Wayne,Sara,sara789@yahoo.com,
90,John,Terry,john_terry@yahoo.com,
91,John,Terry,john_terry@yahoo.com,
92,Wayne,Sara,sara789@yahoo.com,
93,John,Terry,john_terry@yahoo.com,
94,John,Terry,john_terry@yahoo.com,
95,Wayne,Sara,sara789@yahoo.com,
96,John,Terry,john_terry@yahoo.com,
97,John,Terry,john_terry@yahoo.com,
98,Wayne,Sara,sara789@yahoo.com,
99,John,Terry,john_terry@yahoo.com,
100,John,Terry,john_terry@yahoo.com,
101,Wayne,Sara,sara789@yahoo.com,
102,John,Terry,john_terry@yahoo.com,
103,John,Terry,john_terry@yahoo.com,
104,Wayne,Sara,sara789@yahoo.com,
105,John,Terry,john_terry@yahoo.com,
106,John,Terry,john_terry@yahoo.com,
107,Wayne,Sara,sara789@yahoo.com,
108,John,Terry,john_terry@yahoo.com,
109,John,Terry,john_terry@yahoo.com,15/06/1990
110,Wayne,Sara,sara789@yahoo.com,12/10/1992
111,John,Terry,john_terry@yahoo.com,15/06/1990
112,John,Terry,john_terry@yahoo.com,03/05/1982
113,Wayne,Sara,sara789@yahoo.com,
114,John,Terry,john_terry@yahoo.com,
115,John,Terry,john_terry@yahoo.com,
116,Wayne,Sara,sara789@yahoo.com,
117,John,Terry,john_terry@yahoo.com,
118,John,Terry,john_terry@yahoo.com,
119,Wayne,Sara,sara789@yahoo.com,
120,John,Terry,john_terry@yahoo.com,
121,John,Terry,john_terry@yahoo.com,
122,Wayne,Sara,sara789@yahoo.com,
123,John,Terry,john_terry@yahoo.com,
124,John,Terry,john_terry@yahoo.com,
125,Wayne,Sara,sara789@yahoo.com,
126,John,Terry,john_terry@yahoo.com,
127,John,Terry,john_terry@yahoo.com,
128,Wayne,Sara,sara789@yahoo.com,
129,John,Terry,john_terry@yahoo.com,
130,John,Terry,john_terry@yahoo.com,
131,Wayne,Sara,sara789@yahoo.com,
132,John,Terry,john_terry@yahoo.com,
133,John,Terry,john_terry@yahoo.com,
134,Wayne,Sara,sara789@yahoo.com,
135,John,Terry,john_terry@yahoo.com,
136,John,Terry,john_terry@yahoo.com,
137,Wayne,Sara,sara789@yahoo.com,
138,John,Terry,john_terry@yahoo.com,
139,John,Terry,john_terry@yahoo.com,
140,Wayne,Sara,sara789@yahoo.com,15/06/1990
141,John,Terry,john_terry@yahoo.com,12/10/1992
142,John,Terry,john_terry@yahoo.com,15/06/1990
143,Wayne,Sara,sara789@yahoo.com,03/05/1982
144,John,Terry,john_terry@yahoo.com,
145,John,Terry,john_terry@yahoo.com,
146,Wayne,Sara,sara789@yahoo.com,
147,John,Terry,john_terry@yahoo.com,
148,John,Terry,john_terry@yahoo.com,
149,Wayne,Sara,sara789@yahoo.com,
150,John,Terry,john_terry@yahoo.com,
151,John,Terry,john_terry@yahoo.com,
152,Wayne,Sara,sara789@yahoo.com,
153,John,Terry,john_terry@yahoo.com,
154,John,Terry,john_terry@yahoo.com,
155,Wayne,Sara,sara789@yahoo.com,
156,John,Terry,john_terry@yahoo.com,
157,John,Terry,john_terry@yahoo.com,
158,Wayne,Sara,sara789@yahoo.com,
159,John,Terry,john_terry@yahoo.com,
160,John,Terry,john_terry@yahoo.com,
161,Wayne,Sara,sara789@yahoo.com,
162,John,Terry,john_terry@yahoo.com,
163,John,Terry,john_terry@yahoo.com,
164,Wayne,Sara,sara789@yahoo.com,
165,John,Terry,john_terry@yahoo.com,
166,John,Terry,john_terry@yahoo.com,
167,Wayne,Sara,sara789@yahoo.com,
168,John,Terry,john_terry@yahoo.com,
169,John,Terry,john_terry@yahoo.com,
170,Wayne,Sara,sara789@yahoo.com,
171,John,Terry,john_terry@yahoo.com,
172,John,Terry,john_terry@yahoo.com,
173,Wayne,Sara,sara789@yahoo.com,
174,John,Terry,john_terry@yahoo.com,
175,John,Terry,john_terry@yahoo.com,
176,Wayne,Sara,sara789@yahoo.com,
177,John,Terry,john_terry@yahoo.com,
178,John,Terry,john_terry@yahoo.com,
179,Wayne,Sara,sara789@yahoo.com,
180,John,Terry,john_terry@yahoo.com,
181,John,Terry,john_terry@yahoo.com,15/06/1990
182,Wayne,Sara,sara789@yahoo.com,12/10/1992
183,John,Terry,john_terry@yahoo.com,15/06/1990
184,John,Terry,john_terry@yahoo.com,03/05/1982
185,Wayne,Sara,sara789@yahoo.com,
186,John,Terry,john_terry@yahoo.com,
187,John,Terry,john_terry@yahoo.com,
188,Wayne,Sara,sara789@yahoo.com,
189,John,Terry,john_terry@yahoo.com,
190,John,Terry,john_terry@yahoo.com,
191,Wayne,Sara,sara789@yahoo.com,
192,John,Terry,john_terry@yahoo.com,
193,John,Terry,john_terry@yahoo.com,
194,Wayne,Sara,sara789@yahoo.com,
195,John,Terry,john_terry@yahoo.com,
196,John,Terry,john_terry@yahoo.com,
197,Wayne,Sara,sara789@yahoo.com,
198,John,Terry,john_terry@yahoo.com,
199,John,Terry,john_terry@yahoo.com,
200,Wayne,Sara,sara789@yahoo.com,15/06/1990
201,John,Terry,john_terry@yahoo.com,12/10/1992
202,John,Terry,john_terry@yahoo.com,15/06/1990
203,Wayne,Sara,sara789@yahoo.com,03/05/1982
204,John,Terry,john_terry@yahoo.com,
205,John,Terry,john_terry@yahoo.com,
206,Wayne,Sara,sara789@yahoo.com,
207,John,Terry,john_terry@yahoo.com,
208,John,Terry,john_terry@yahoo.com,
209,Wayne,Sara,sara789@yahoo.com,
210,John,Terry,john_terry@yahoo.com,
211,John,Terry,john_terry@yahoo.com,
212,Wayne,Sara,sara789@yahoo.com,
213,John,Terry,john_terry@yahoo.com,
214,John,Terry,john_terry@yahoo.com,
215,Wayne,Sara,sara789@yahoo.com,
216,John,Terry,john_terry@yahoo.com,
217,John,Terry,john_terry@yahoo.com,
218,Wayne,Sara,sara789@yahoo.com,
219,John,Terry,john_terry@yahoo.com,
220,John,Terry,john_terry@yahoo.com,
221,Wayne,Sara,sara789@yahoo.com,
222,John,Terry,john_terry@yahoo.com,
223,John,Terry,john_terry@yahoo.com,
224,Wayne,Sara,sara789@yahoo.com,
225,John,Terry,john_terry@yahoo.com,
226,John,Terry,john_terry@yahoo.com,
227,Wayne,Sara,sara789@yahoo.com,
228,John,Terry,john_terry@yahoo.com,
229,John,Terry,john_terry@yahoo.com,
230,Wayne,Sara,sara789@yahoo.com,
231,John,Terry,john_terry@yahoo.com,
232,John,Terry,john_terry@yahoo.com,
233,Wayne,Sara,sara789@yahoo.com,
234,John,Terry,john_terry@yahoo.com,
235,John,Terry,john_terry@yahoo.com,
236,Wayne,Sara,sara789@yahoo.com,
237,John,Terry,john_terry@yahoo.com,
238,John,Terry,john_terry@yahoo.com,
239,Wayne,Sara,sara789@yahoo.com,
240,John,Terry,john_terry@yahoo.com,
241,John,Terry,john_terry@yahoo.com,
242,Wayne,Sara,sara789@yahoo.com,
243,John,Terry,john_terry@yahoo.com,
244,John,Terry,john_terry@yahoo.com,
245,Wayne,Sara,sara789@yahoo.com,
246,John,Terry,john_terry@yahoo.com,
247,John,Terry,john_terry@yahoo.com,
248,Wayne,Sara,sara789@yahoo.com,
249,John,Terry,john_terry@yahoo.com,
250,John,Terry,john_terry@yahoo.com,
251,Wayne,Sara,sara789@yahoo.com,
252,John,Terry,john_terry@yahoo.com,
253,John,Terry,john_terry@yahoo.com,
254,Wayne,Sara,sara789@yahoo.com,
255,John,Terry,john_terry@yahoo.com,
256,John,Terry,john_terry@yahoo.com,
257,Wayne,Sara,sara789@yahoo.com,
258,John,Terry,john_terry@yahoo.com,
259,John,Terry,john_terry@yahoo.com,
260,Wayne,Sara,sara789@yahoo.com,
261,John,Terry,john_terry@yahoo.com,
262,John,Terry,john_terry@yahoo.com,
263,Wayne,Sara,sara789@yahoo.com,
264,John,Terry,john_terry@yahoo.com,
265,John,Terry,john_terry@yahoo.com,
266,Wayne,Sara,sara789@yahoo.com,
267,John,Terry,john_terry@yahoo.com,
268,John,Terry,john_terry@yahoo.com,
269,Wayne,Sara,sara789@yahoo.com,
270,John,Terry,john_terry@yahoo.com,
271,John,Terry,john_terry@yahoo.com,
272,Wayne,Sara,sara789@yahoo.com,
273,John,Terry,john_terry@yahoo.com,
274,John,Terry,john_terry@yahoo.com,
275,Wayne,Sara,sara789@yahoo.com,
276,John,Terry,john_terry@yahoo.com,
277,John,Terry,john_terry@yahoo.com,
278,Wayne,Sara,sara789@yahoo.com,
279,John,Terry,john_terry@yahoo.com,
280,John,Terry,john_terry@yahoo.com,
281,Wayne,Sara,sara789@yahoo.com,
282,John,Terry,john_terry@yahoo.com,
283,John,Terry,john_terry@yahoo.com,
284,Wayne,Sara,sara789@yahoo.com,
285,John,Terry,john_terry@yahoo.com,
286,John,Terry,john_terry@yahoo.com,
287,Wayne,Sara,sara789@yahoo.com,
288,John,Terry,john_terry@yahoo.com,
289,John,Terry,john_terry@yahoo.com,
290,Wayne,Sara,sara789@yahoo.com,
291,John,Terry,john_terry@yahoo.com,
292,John,Terry,john_terry@yahoo.com,
293,Wayne,Sara,sara789@yahoo.com,
294,John,Terry,john_terry@yahoo.com,
295,John,Terry,john_terry@yahoo.com,
296,Wayne,Sara,sara789@yahoo.com,
297,John,Terry,john_terry@yahoo.com,
298,John,Terry,john_terry@yahoo.com,
299,Wayne,Sara,sara789@yahoo.com,
300,John,Terry,john_terry@yahoo.com,
301,John,Terry,john_terry@yahoo.com,
302,Wayne,Sara,sara789@yahoo.com,
303,John,Terry,john_terry@yahoo.com,
304,John,Terry,john_terry@yahoo.com,
305,Wayne,Sara,sara789@yahoo.com,
306,John,Terry,john_terry@yahoo.com,
307,John,Terry,john_terry@yahoo.com,
308,Wayne,Sara,sara789@yahoo.com,
309,John,Terry,john_terry@yahoo.com,
310,John,Terry,john_terry@yahoo.com,
311,Wayne,Sara,sara789@yahoo.com,
312,John,Terry,john_terry@yahoo.com,
313,John,Terry,john_terry@yahoo.com,
314,Wayne,Sara,sara789@yahoo.com,
315,John,Terry,john_terry@yahoo.com,
316,John,Terry,john_terry@yahoo.com,
317,Wayne,Sara,sara789@yahoo.com,
318,John,Terry,john_terry@yahoo.com,
319,John,Terry,john_terry@yahoo.com,
320,Wayne,Sara,sara789@yahoo.com,
321,John,Terry,john_terry@yahoo.com,
322,John,Terry,john_terry@yahoo.com,
323,Wayne,Sara,sara789@yahoo.com,
324,John,Terry,john_terry@yahoo.com,
325,John,Terry,john_terry@yahoo.com,
326,Wayne,Sara,sara789@yahoo.com,
327,John,Terry,john_terry@yahoo.com,
328,John,Terry,john_terry@yahoo.com,
329,Wayne,Sara,sara789@yahoo.com,15/06/1990
330,John,Terry,john_terry@yahoo.com,12/10/1992
331,John,Terry,john_terry@yahoo.com,15/06/1990
332,Wayne,Sara,sara789@yahoo.com,03/05/1982
333,John,Terry,john_terry@yahoo.com,
334,John,Terry,john_terry@yahoo.com,
335,Wayne,Sara,sara789@yahoo.com,
336,John,Terry,john_terry@yahoo.com,
337,John,Terry,john_terry@yahoo.com,
338,Wayne,Sara,sara789@yahoo.com,
339,John,Terry,john_terry@yahoo.com,
340,John,Terry,john_terry@yahoo.com,
341,Wayne,Sara,sara789@yahoo.com,
342,John,Terry,john_terry@yahoo.com,
343,John,Terry,john_terry@yahoo.com,
344,Wayne,Sara,sara789@yahoo.com,
345,John,Terry,john_terry@yahoo.com,
346,John,Terry,john_terry@yahoo.com,
347,Wayne,Sara,sara789@yahoo.com,
348,John,Terry,john_terry@yahoo.com,
349,John,Terry,john_terry@yahoo.com,
350,Wayne,Sara,sara789@yahoo.com,
351,John,Terry,john_terry@yahoo.com,
352,John,Terry,john_terry@yahoo.com,
353,Wayne,Sara,sara789@yahoo.com,
354,John,Terry,john_terry@yahoo.com,
355,John,Terry,john_terry@yahoo.com,
356,Wayne,Sara,sara789@yahoo.com,
357,John,Terry,john_terry@yahoo.com,
358,John,Terry,john_terry@yahoo.com,
359,Wayne,Sara,sara789@yahoo.com,
360,John,Terry,john_terry@yahoo.com,
361,John,Terry,john_terry@yahoo.com,
362,Wayne,Sara,sara789@yahoo.com,
363,John,Terry,john_terry@yahoo.com,
364,John,Terry,john_terry@yahoo.com,
365,Wayne,Sara,sara789@yahoo.com,
366,John,Terry,john_terry@yahoo.com,
367,John,Terry,john_terry@yahoo.com,
368,Wayne,Sara,sara789@yahoo.com,
369,John,Terry,john_terry@yahoo.com,
370,John,Terry,john_terry@yahoo.com,
371,Wayne,Sara,sara789@yahoo.com,
372,John,Terry,john_terry@yahoo.com,
373,John,Terry,john_terry@yahoo.com,
374,Wayne,Sara,sara789@yahoo.com,
375,John,Terry,john_terry@yahoo.com,
376,John,Terry,john_terry@yahoo.com,
377,Wayne,Sara,sara789@yahoo.com,
378,John,Terry,john_terry@yahoo.com,
379,John,Terry,john_terry@yahoo.com,
380,Wayne,Sara,sara789@yahoo.com,
381,John,Terry,john_terry@yahoo.com,
382,John,Terry,john_terry@yahoo.com,
383,Wayne,Sara,sara789@yahoo.com,
384,John,Terry,john_terry@yahoo.com,
385,John,Terry,john_terry@yahoo.com,
386,Wayne,Sara,sara789@yahoo.com,
387,John,Terry,john_terry@yahoo.com,
388,John,Terry,john_terry@yahoo.com,
389,Wayne,Sara,sara789@yahoo.com,
390,John,Terry,john_terry@yahoo.com,
391,John,Terry,john_terry@yahoo.com,
392,Wayne,Sara,sara789@yahoo.com,
393,John,Terry,john_terry@yahoo.com,
394,John,Terry,john_terry@yahoo.com,
395,Wayne,Sara,sara789@yahoo.com,
396,John,Terry,john_terry@yahoo.com,
397,John,Terry,john_terry@yahoo.com,
398,Wayne,Sara,sara789@yahoo.com,
399,John,Terry,john_terry@yahoo.com,
400,John,Terry,john_terry@yahoo.com,
401,Wayne,Sara,sara789@yahoo.com,
402,John,Terry,john_terry@yahoo.com,
403,John,Terry,john_terry@yahoo.com,
404,Wayne,Sara,sara789@yahoo.com,
405,John,Terry,john_terry@yahoo.com,
406,John,Terry,john_terry@yahoo.com,
407,Wayne,Sara,sara789@yahoo.com,
408,John,Terry,john_terry@yahoo.com,
409,John,Terry,john_terry@yahoo.com,
410,Wayne,Sara,sara789@yahoo.com,
411,John,Terry,john_terry@yahoo.com,
412,John,Terry,john_terry@yahoo.com,
413,Wayne,Sara,sara789@yahoo.com,
414,John,Terry,john_terry@yahoo.com,
415,John,Terry,john_terry@yahoo.com,
416,Wayne,Sara,sara789@yahoo.com,
417,John,Terry,john_terry@yahoo.com,15/06/1990
418,John,Terry,john_terry@yahoo.com,12/10/1992
419,Wayne,Sara,sara789@yahoo.com,15/06/1990
420,John,Terry,john_terry@yahoo.com,03/05/1982
421,John,Terry,john_terry@yahoo.com,
422,Wayne,Sara,sara789@yahoo.com,
423,John,Terry,john_terry@yahoo.com,
424,John,Terry,john_terry@yahoo.com,
425,Wayne,Sara,sara789@yahoo.com,
426,John,Terry,john_terry@yahoo.com,
427,John,Terry,john_terry@yahoo.com,
428,Wayne,Sara,sara789@yahoo.com,
429,John,Terry,john_terry@yahoo.com,
430,John,Terry,john_terry@yahoo.com,
431,Wayne,Sara,sara789@yahoo.com,
432,John,Terry,john_terry@yahoo.com,
433,John,Terry,john_terry@yahoo.com,
434,Wayne,Sara,sara789@yahoo.com,
435,John,Terry,john_terry@yahoo.com,
436,John,Terry,john_terry@yahoo.com,
437,Wayne,Sara,sara789@yahoo.com,
438,John,Terry,john_terry@yahoo.com,
439,John,Terry,john_terry@yahoo.com,
440,Wayne,Sara,sara789@yahoo.com,
441,John,Terry,john_terry@yahoo.com,
442,John,Terry,john_terry@yahoo.com,
443,Wayne,Sara,sara789@yahoo.com,
444,John,Terry,john_terry@yahoo.com,
445,John,Terry,john_terry@yahoo.com,
446,Wayne,Sara,sara789@yahoo.com,
447,John,Terry,john_terry@yahoo.com,
448,John,Terry,john_terry@yahoo.com,
449,Wayne,Sara,sara789@yahoo.com,
450,John,Terry,john_terry@yahoo.com,
451,John,Terry,john_terry@yahoo.com,
452,Wayne,Sara,sara789@yahoo.com,
453,John,Terry,john_terry@yahoo.com,
454,John,Terry,john_terry@yahoo.com,
455,Wayne,Sara,sara789@yahoo.com,
456,John,Terry,john_terry@yahoo.com,
457,John,Terry,john_terry@yahoo.com,
458,Wayne,Sara,sara789@yahoo.com,
459,John,Terry,john_terry@yahoo.com,
460,John,Terry,john_terry@yahoo.com,
461,Wayne,Sara,sara789@yahoo.com,
462,John,Terry,john_terry@yahoo.com,
463,John,Terry,john_terry@yahoo.com,
464,Wayne,Sara,sara789@yahoo.com,
465,John,Terry,john_terry@yahoo.com,
466,John,Terry,john_terry@yahoo.com,
467,Wayne,Sara,sara789@yahoo.com,
468,John,Terry,john_terry@yahoo.com,
469,John,Terry,john_terry@yahoo.com,
470,Wayne,Sara,sara789@yahoo.com,
471,John,Terry,john_terry@yahoo.com,
472,John,Terry,john_terry@yahoo.com,
473,Wayne,Sara,sara789@yahoo.com,
474,John,Terry,john_terry@yahoo.com,
475,John,Terry,john_terry@yahoo.com,
476,Wayne,Sara,sara789@yahoo.com,
477,John,Terry,john_terry@yahoo.com,
478,John,Terry,john_terry@yahoo.com,
479,Wayne,Sara,sara789@yahoo.com,
480,John,Terry,john_terry@yahoo.com,
481,John,Terry,john_terry@yahoo.com,
482,Wayne,Sara,sara789@yahoo.com,
483,John,Terry,john_terry@yahoo.com,
484,John,Terry,john_terry@yahoo.com,
485,Wayne,Sara,sara789@yahoo.com,
486,John,Terry,john_terry@yahoo.com,
487,John,Terry,john_terry@yahoo.com,
488,Wayne,Sara,sara789@yahoo.com,
489,John,Terry,john_terry@yahoo.com,
490,John,Terry,john_terry@yahoo.com,
491,Wayne,Sara,sara789@yahoo.com,
492,John,Terry,john_terry@yahoo.com,
493,John,Terry,john_terry@yahoo.com,
494,Wayne,Sara,sara789@yahoo.com,
495,John,Terry,john_terry@yahoo.com,
496,John,Terry,john_terry@yahoo.com,
497,Wayne,Sara,sara789@yahoo.com,
498,John,Terry,john_terry@yahoo.com,
499,John,Terry,john_terry@yahoo.com,
500,Wayne,Sara,sara789@yahoo.com,
501,John,Terry,john_terry@yahoo.com,
502,John,Terry,john_terry@yahoo.com,
503,Wayne,Sara,sara789@yahoo.com,
504,John,Terry,john_terry@yahoo.com,
505,John,Terry,john_terry@yahoo.com,
506,Wayne,Sara,sara789@yahoo.com,
507,John,Terry,john_terry@yahoo.com,
508,John,Terry,john_terry@yahoo.com,
509,Wayne,Sara,sara789@yahoo.com,
510,John,Terry,john_terry@yahoo.com,
511,John,Terry,john_terry@yahoo.com,
512,Wayne,Sara,sara789@yahoo.com,
513,John,Terry,john_terry@yahoo.com,
514,John,Terry,john_terry@yahoo.com,
515,Wayne,Sara,sara789@yahoo.com,
516,John,Terry,john_terry@yahoo.com,
517,John,Terry,john_terry@yahoo.com,
518,Wayne,Sara,sara789@yahoo.com,
519,John,Terry,john_terry@yahoo.com,
520,John,Terry,john_terry@yahoo.com,
521,Wayne,Sara,sara789@yahoo.com,
522,John,Terry,john_terry@yahoo.com,
523,John,Terry,john_terry@yahoo.com,
524,Wayne,Sara,sara789@yahoo.com,
525,John,Terry,john_terry@yahoo.com,
526,John,Terry,john_terry@yahoo.com,
527,Wayne,Sara,sara789@yahoo.com,
528,John,Terry,john_terry@yahoo.com,
529,John,Terry,john_terry@yahoo.com,
530,Wayne,Sara,sara789@yahoo.com,
531,John,Terry,john_terry@yahoo.com,
532,John,Terry,john_terry@yahoo.com,
533,Wayne,Sara,sara789@yahoo.com,
534,John,Terry,john_terry@yahoo.com,
535,John,Terry,john_terry@yahoo.com,
536,Wayne,Sara,sara789@yahoo.com,
537,John,Terry,john_terry@yahoo.com,
538,John,Terry,john_terry@yahoo.com,
539,Wayne,Sara,sara789@yahoo.com,
540,John,Terry,john_terry@yahoo.com,
541,John,Terry,john_terry@yahoo.com,
542,Wayne,Sara,sara789@yahoo.com,
543,John,Terry,john_terry@yahoo.com,
544,John,Terry,john_terry@yahoo.com,
545,Wayne,Sara,sara789@yahoo.com,
546,John,Terry,john_terry@yahoo.com,
547,John,Terry,john_terry@yahoo.com,
548,Wayne,Sara,sara789@yahoo.com,
549,John,Terry,john_terry@yahoo.com,
550,John,Terry,john_terry@yahoo.com,
551,Wayne,Sara,sara789@yahoo.com,
552,John,Terry,john_terry@yahoo.com,
553,John,Terry,john_terry@yahoo.com,
554,Wayne,Sara,sara789@yahoo.com,
555,John,Terry,john_terry@yahoo.com,
556,John,Terry,john_terry@yahoo.com,
557,Wayne,Sara,sara789@yahoo.com,
558,John,Terry,john_terry@yahoo.com,
559,John,Terry,john_terry@yahoo.com,
560,Wayne,Sara,sara789@yahoo.com,
561,John,Terry,john_terry@yahoo.com,
562,John,Terry,john_terry@yahoo.com,
563,Wayne,Sara,sara789@yahoo.com,
564,John,Terry,john_terry@yahoo.com,
565,John,Terry,john_terry@yahoo.com,
566,Wayne,Sara,sara789@yahoo.com,
567,John,Terry,john_terry@yahoo.com,
568,John,Terry,john_terry@yahoo.com,
569,Wayne,Sara,sara789@yahoo.com,
570,John,Terry,john_terry@yahoo.com,
571,John,Terry,john_terry@yahoo.com,
572,Wayne,Sara,sara789@yahoo.com,
573,John,Terry,john_terry@yahoo.com,
574,John,Terry,john_terry@yahoo.com,
575,Wayne,Sara,sara789@yahoo.com,
576,John,Terry,john_terry@yahoo.com,
577,John,Terry,john_terry@yahoo.com,
578,Wayne,Sara,sara789@yahoo.com,
579,John,Terry,john_terry@yahoo.com,
580,John,Terry,john_terry@yahoo.com,
581,Wayne,Sara,sara789@yahoo.com,
582,John,Terry,john_terry@yahoo.com,
583,John,Terry,john_terry@yahoo.com,
584,Wayne,Sara,sara789@yahoo.com,
585,John,Terry,john_terry@yahoo.com,
586,John,Terry,john_terry@yahoo.com,
587,Wayne,Sara,sara789@yahoo.com,
588,John,Terry,john_terry@yahoo.com,
589,John,Terry,john_terry@yahoo.com,
590,Wayne,Sara,sara789@yahoo.com,
591,John,Terry,john_terry@yahoo.com,
592,John,Terry,john_terry@yahoo.com,
593,Wayne,Sara,sara789@yahoo.com,
594,John,Terry,john_terry@yahoo.com,
595,John,Terry,john_terry@yahoo.com,
596,Wayne,Sara,sara789@yahoo.com,
597,John,Terry,john_terry@yahoo.com,
598,John,Terry,john_terry@yahoo.com,
599,Wayne,Sara,sara789@yahoo.com,
600,John,Terry,john_terry@yahoo.com,
601,John,Terry,john_terry@yahoo.com,
602,Wayne,Sara,sara789@yahoo.com,
603,John,Terry,john_terry@yahoo.com,
604,John,Terry,john_terry@yahoo.com,
605,Wayne,Sara,sara789@yahoo.com,
606,John,Terry,john_terry@yahoo.com,
607,John,Terry,john_terry@yahoo.com,
608,Wayne,Sara,sara789@yahoo.com,
609,John,Terry,john_terry@yahoo.com,
610,John,Terry,john_terry@yahoo.com,
611,Wayne,Sara,sara789@yahoo.com,
612,John,Terry,john_terry@yahoo.com,
613,John,Terry,john_terry@yahoo.com,
614,Wayne,Sara,sara789@yahoo.com,
615,John,Terry,john_terry@yahoo.com,
616,John,Terry,john_terry@yahoo.com,
617,Wayne,Sara,sara789@yahoo.com,
618,John,Terry,john_terry@yahoo.com,
619,John,Terry,john_terry@yahoo.com,
620,Wayne,Sara,sara789@yahoo.com,
621,John,Terry,john_terry@yahoo.com,
622,John,Terry,john_terry@yahoo.com,
623,Wayne,Sara,sara789@yahoo.com,
624,John,Terry,john_terry@yahoo.com,
625,John,Terry,john_terry@yahoo.com,
626,Wayne,Sara,sara789@yahoo.com,
627,John,Terry,john_terry@yahoo.com,
628,John,Terry,john_terry@yahoo.com,
629,Wayne,Sara,sara789@yahoo.com,
630,John,Terry,john_terry@yahoo.com,
631,John,Terry,john_terry@yahoo.com,
632,Wayne,Sara,sara789@yahoo.com,
633,John,Terry,john_terry@yahoo.com,
634,John,Terry,john_terry@yahoo.com,
635,Wayne,Sara,sara789@yahoo.com,
636,John,Terry,john_terry@yahoo.com,
637,John,Terry,john_terry@yahoo.com,
638,Wayne,Sara,sara789@yahoo.com,
639,John,Terry,john_terry@yahoo.com,
640,John,Terry,john_terry@yahoo.com,
641,Wayne,Sara,sara789@yahoo.com,
642,John,Terry,john_terry@yahoo.com,
643,John,Terry,john_terry@yahoo.com,
644,Wayne,Sara,sara789@yahoo.com,
645,John,Terry,john_terry@yahoo.com,
646,John,Terry,john_terry@yahoo.com,
647,Wayne,Sara,sara789@yahoo.com,
648,John,Terry,john_terry@yahoo.com,
649,John,Terry,john_terry@yahoo.com,
650,Wayne,Sara,sara789@yahoo.com,
651,John,Terry,john_terry@yahoo.com,
652,John,Terry,john_terry@yahoo.com,
653,Wayne,Sara,sara789@yahoo.com,
654,John,Terry,john_terry@yahoo.com,
655,John,Terry,john_terry@yahoo.com,
656,Wayne,Sara,sara789@yahoo.com,
657,John,Terry,john_terry@yahoo.com,
658,John,Terry,john_terry@yahoo.com,
659,Wayne,Sara,sara789@yahoo.com,
660,John,Terry,john_terry@yahoo.com,
661,John,Terry,john_terry@yahoo.com,
662,Wayne,Sara,sara789@yahoo.com,
663,John,Terry,john_terry@yahoo.com,
664,John,Terry,john_terry@yahoo.com,
665,Wayne,Sara,sara789@yahoo.com,
666,John,Terry,john_terry@yahoo.com,
667,John,Terry,john_terry@yahoo.com,
668,Wayne,Sara,sara789@yahoo.com,
669,John,Terry,john_terry@yahoo.com,
670,John,Terry,john_terry@yahoo.com,
671,Wayne,Sara,sara789@yahoo.com,
672,John,Terry,john_terry@yahoo.com,
673,John,Terry,john_terry@yahoo.com,
674,Wayne,Sara,sara789@yahoo.com,
675,John,Terry,john_terry@yahoo.com,
676,John,Terry,john_terry@yahoo.com,
677,Wayne,Sara,sara789@yahoo.com,
678,John,Terry,john_terry@yahoo.com,
679,John,Terry,john_terry@yahoo.com,
680,Wayne,Sara,sara789@yahoo.com,
681,John,Terry,john_terry@yahoo.com,
682,John,Terry,john_terry@yahoo.com,
683,Wayne,Sara,sara789@yahoo.com,
684,John,Terry,john_terry@yahoo.com,
685,John,Terry,john_terry@yahoo.com,
686,Wayne,Sara,sara789@yahoo.com,
687,John,Terry,john_terry@yahoo.com,
688,John,Terry,john_terry@yahoo.com,
689,Wayne,Sara,sara789@yahoo.com,
690,John,Terry,john_terry@yahoo.com,
691,John,Terry,john_terry@yahoo.com,
692,Wayne,Sara,sara789@yahoo.com,
693,John,Terry,john_terry@yahoo.com,
694,John,Terry,john_terry@yahoo.com,
695,Wayne,Sara,sara789@yahoo.com,
696,John,Terry,john_terry@yahoo.com,
697,John,Terry,john_terry@yahoo.com,
698,Wayne,Sara,sara789@yahoo.com,
699,John,Terry,john_terry@yahoo.com,
700,John,Terry,john_terry@yahoo.com,
701,Wayne,Sara,sara789@yahoo.com,
702,John,Terry,john_terry@yahoo.com,
703,John,Terry,john_terry@yahoo.com,
704,Wayne,Sara,sara789@yahoo.com,
705,John,Terry,john_terry@yahoo.com,
706,John,Terry,john_terry@yahoo.com,
707,Wayne,Sara,sara789@yahoo.com,
708,John,Terry,john_terry@yahoo.com,
709,John,Terry,john_terry@yahoo.com,
710,Wayne,Sara,sara789@yahoo.com,
711,John,Terry,john_terry@yahoo.com,
712,John,Terry,john_terry@yahoo.com,
713,Wayne,Sara,sara789@yahoo.com,
714,John,Terry,john_terry@yahoo.com,
715,John,Terry,john_terry@yahoo.com,
716,Wayne,Sara,sara789@yahoo.com,
717,John,Terry,john_terry@yahoo.com,
718,John,Terry,john_terry@yahoo.com,
719,Wayne,Sara,sara789@yahoo.com,
720,John,Terry,john_terry@yahoo.com,
721,John,Terry,john_terry@yahoo.com,
722,Wayne,Sara,sara789@yahoo.com,
723,John,Terry,john_terry@yahoo.com,
724,John,Terry,john_terry@yahoo.com,
725,Wayne,Sara,sara789@yahoo.com,
726,John,Terry,john_terry@yahoo.com,
727,John,Terry,john_terry@yahoo.com,
728,Wayne,Sara,sara789@yahoo.com,
729,John,Terry,john_terry@yahoo.com,
730,John,Terry,john_terry@yahoo.com,
731,Wayne,Sara,sara789@yahoo.com,
732,John,Terry,john_terry@yahoo.com,
733,John,Terry,john_terry@yahoo.com,
734,Wayne,Sara,sara789@yahoo.com,
735,John,Terry,john_terry@yahoo.com,
736,John,Terry,john_terry@yahoo.com,
737,Wayne,Sara,sara789@yahoo.com,
738,John,Terry,john_terry@yahoo.com,
739,John,Terry,john_terry@yahoo.com,
740,Wayne,Sara,sara789@yahoo.com,
741,John,Terry,john_terry@yahoo.com,
742,John,Terry,john_terry@yahoo.com,
743,Wayne,Sara,sara789@yahoo.com,
744,John,Terry,john_terry@yahoo.com,
745,John,Terry,john_terry@yahoo.com,
746,Wayne,Sara,sara789@yahoo.com,
747,John,Terry,john_terry@yahoo.com,
748,John,Terry,john_terry@yahoo.com,
749,Wayne,Sara,sara789@yahoo.com,
750,John,Terry,john_terry@yahoo.com,
751,John,Terry,john_terry@yahoo.com,
752,Wayne,Sara,sara789@yahoo.com,
753,John,Terry,john_terry@yahoo.com,
754,John,Terry,john_terry@yahoo.com,
755,Wayne,Sara,sara789@yahoo.com,
756,John,Terry,john_terry@yahoo.com,
757,John,Terry,john_terry@yahoo.com,
758,Wayne,Sara,sara789@yahoo.com,
759,John,Terry,john_terry@yahoo.com,
760,John,Terry,john_terry@yahoo.com,
761,Wayne,Sara,sara789@yahoo.com,
762,John,Terry,john_terry@yahoo.com,
763,John,Terry,john_terry@yahoo.com,
764,Wayne,Sara,sara789@yahoo.com,
765,John,Terry,john_terry@yahoo.com,
766,John,Terry,john_terry@yahoo.com,
767,Wayne,Sara,sara789@yahoo.com,
768,John,Terry,john_terry@yahoo.com,
769,John,Terry,john_terry@yahoo.com,
770,Wayne,Sara,sara789@yahoo.com,
771,John,Terry,john_terry@yahoo.com,
772,John,Terry,john_terry@yahoo.com,
773,Wayne,Sara,sara789@yahoo.com,
774,John,Terry,john_terry@yahoo.com,
775,John,Terry,john_terry@yahoo.com,
776,Wayne,Sara,sara789@yahoo.com,
777,John,Terry,john_terry@yahoo.com,
778,John,Terry,john_terry@yahoo.com,
779,Wayne,Sara,sara789@yahoo.com,
780,John,Terry,john_terry@yahoo.com,
781,John,Terry,john_terry@yahoo.com,
782,Wayne,Sara,sara789@yahoo.com,
783,John,Terry,john_terry@yahoo.com,
784,John,Terry,john_terry@yahoo.com,
785,Wayne,Sara,sara789@yahoo.com,
786,John,Terry,john_terry@yahoo.com,
787,John,Terry,john_terry@yahoo.com,
788,Wayne,Sara,sara789@yahoo.com,
789,John,Terry,john_terry@yahoo.com,
790,John,Terry,john_terry@yahoo.com,
791,Wayne,Sara,sara789@yahoo.com,
792,John,Terry,john_terry@yahoo.com,
793,John,Terry,john_terry@yahoo.com,
794,Wayne,Sara,sara789@yahoo.com,
795,John,Terry,john_terry@yahoo.com,
796,John,Terry,john_terry@yahoo.com,
797,Wayne,Sara,sara789@yahoo.com,
798,John,Terry,john_terry@yahoo.com,
799,John,Terry,john_terry@yahoo.com,
800,Wayne,Sara,sara789@yahoo.com,
801,John,Terry,john_terry@yahoo.com,
802,John,Terry,john_terry@yahoo.com,
803,Wayne,Sara,sara789@yahoo.com,
804,John,Terry,john_terry@yahoo.com,
805,John,Terry,john_terry@yahoo.com,
806,Wayne,Sara,sara789@yahoo.com,
807,John,Terry,john_terry@yahoo.com,
808,John,Terry,john_terry@yahoo.com,
809,Wayne,Sara,sara789@yahoo.com,
810,John,Terry,john_terry@yahoo.com,
811,John,Terry,john_terry@yahoo.com,
812,Wayne,Sara,sara789@yahoo.com,
813,John,Terry,john_terry@yahoo.com,
814,John,Terry,john_terry@yahoo.com,
815,Wayne,Sara,sara789@yahoo.com,
816,John,Terry,john_terry@yahoo.com,
817,John,Terry,john_terry@yahoo.com,
818,Wayne,Sara,sara789@yahoo.com,
819,John,Terry,john_terry@yahoo.com,
820,John,Terry,john_terry@yahoo.com,
821,Wayne,Sara,sara789@yahoo.com,
822,John,Terry,john_terry@yahoo.com,
823,John,Terry,john_terry@yahoo.com,
824,Wayne,Sara,sara789@yahoo.com,
825,John,Terry,john_terry@yahoo.com,
826,John,Terry,john_terry@yahoo.com,
827,Wayne,Sara,sara789@yahoo.com,
828,John,Terry,john_terry@yahoo.com,
829,John,Terry,john_terry@yahoo.com,
830,Wayne,Sara,sara789@yahoo.com,
831,John,Terry,john_terry@yahoo.com,
832,John,Terry,john_terry@yahoo.com,
833,Wayne,Sara,sara789@yahoo.com,
834,John,Terry,john_terry@yahoo.com,
835,John,Terry,john_terry@yahoo.com,
836,Wayne,Sara,sara789@yahoo.com,
837,John,Terry,john_terry@yahoo.com,
838,John,Terry,john_terry@yahoo.com,
839,Wayne,Sara,sara789@yahoo.com,
840,John,Terry,john_terry@yahoo.com,
841,John,Terry,john_terry@yahoo.com,
842,Wayne,Sara,sara789@yahoo.com,
843,John,Terry,john_terry@yahoo.com,
844,John,Terry,john_terry@yahoo.com,
845,Wayne,Sara,sara789@yahoo.com,
846,John,Terry,john_terry@yahoo.com,
847,John,Terry,john_terry@yahoo.com,
848,Wayne,Sara,sara789@yahoo.com,
849,John,Terry,john_terry@yahoo.com,
850,John,Terry,john_terry@yahoo.com,
851,Wayne,Sara,sara789@yahoo.com,15/06/1990
852,John,Terry,john_terry@yahoo.com,12/10/1992
853,John,Terry,john_terry@yahoo.com,15/06/1990
854,Wayne,Sara,sara789@yahoo.com,03/05/1982
855,John,Terry,john_terry@yahoo.com,
856,John,Terry,john_terry@yahoo.com,
857,Wayne,Sara,sara789@yahoo.com,
858,John,Terry,john_terry@yahoo.com,
859,John,Terry,john_terry@yahoo.com,
860,Wayne,Sara,sara789@yahoo.com,
861,John,Terry,john_terry@yahoo.com,
862,John,Terry,john_terry@yahoo.com,
863,Wayne,Sara,sara789@yahoo.com,
864,John,Terry,john_terry@yahoo.com,
865,John,Terry,john_terry@yahoo.com,
866,Wayne,Sara,sara789@yahoo.com,
867,John,Terry,john_terry@yahoo.com,
868,John,Terry,john_terry@yahoo.com,
869,Wayne,Sara,sara789@yahoo.com,
870,John,Terry,john_terry@yahoo.com,
871,John,Terry,john_terry@yahoo.com,
872,Wayne,Sara,sara789@yahoo.com,
873,John,Terry,john_terry@yahoo.com,
874,John,Terry,john_terry@yahoo.com,
875,Wayne,Sara,sara789@yahoo.com,
876,John,Terry,john_terry@yahoo.com,
877,John,Terry,john_terry@yahoo.com,
878,Wayne,Sara,sara789@yahoo.com,
879,John,Terry,john_terry@yahoo.com,
880,John,Terry,john_terry@yahoo.com,
881,Wayne,Sara,sara789@yahoo.com,
882,John,Terry,john_terry@yahoo.com,
883,John,Terry,john_terry@yahoo.com,
884,Wayne,Sara,sara789@yahoo.com,
885,John,Terry,john_terry@yahoo.com,
886,John,Terry,john_terry@yahoo.com,
887,Wayne,Sara,sara789@yahoo.com,
888,John,Terry,john_terry@yahoo.com,
889,John,Terry,john_terry@yahoo.com,
890,Wayne,Sara,sara789@yahoo.com,
891,John,Terry,john_terry@yahoo.com,
892,John,Terry,john_terry@yahoo.com,
893,Wayne,Sara,sara789@yahoo.com,
894,John,Terry,john_terry@yahoo.com,
895,John,Terry,john_terry@yahoo.com,
896,Wayne,Sara,sara789@yahoo.com,
897,John,Terry,john_terry@yahoo.com,
898,John,Terry,john_terry@yahoo.com,
899,Wayne,Sara,sara789@yahoo.com,
900,John,Terry,john_terry@yahoo.com,
901,John,Terry,john_terry@yahoo.com,
902,Wayne,Sara,sara789@yahoo.com,
903,John,Terry,john_terry@yahoo.com,
904,John,Terry,john_terry@yahoo.com,
905,Wayne,Sara,sara789@yahoo.com,
906,John,Terry,john_terry@yahoo.com,
907,John,Terry,john_terry@yahoo.com,
908,Wayne,Sara,sara789@yahoo.com,
909,John,Terry,john_terry@yahoo.com,
910,John,Terry,john_terry@yahoo.com,
911,Wayne,Sara,sara789@yahoo.com,
912,John,Terry,john_terry@yahoo.com,
913,John,Terry,john_terry@yahoo.com,
914,Wayne,Sara,sara789@yahoo.com,
915,John,Terry,john_terry@yahoo.com,
916,John,Terry,john_terry@yahoo.com,
917,Wayne,Sara,sara789@yahoo.com,
918,John,Terry,john_terry@yahoo.com,
919,John,Terry,john_terry@yahoo.com,
920,Wayne,Sara,sara789@yahoo.com,
921,John,Terry,john_terry@yahoo.com,
922,John,Terry,john_terry@yahoo.com,
923,Wayne,Sara,sara789@yahoo.com,
924,John,Terry,john_terry@yahoo.com,
925,John,Terry,john_terry@yahoo.com,
926,Wayne,Sara,sara789@yahoo.com,
927,John,Terry,john_terry@yahoo.com,
928,John,Terry,john_terry@yahoo.com,
929,Wayne,Sara,sara789@yahoo.com,
930,John,Terry,john_terry@yahoo.com,
931,John,Terry,john_terry@yahoo.com,
932,Wayne,Sara,sara789@yahoo.com,
933,John,Terry,john_terry@yahoo.com,
934,John,Terry,john_terry@yahoo.com,
935,Wayne,Sara,sara789@yahoo.com,
936,John,Terry,john_terry@yahoo.com,
937,John,Terry,john_terry@yahoo.com,
938,Wayne,Sara,sara789@yahoo.com,
939,John,Terry,john_terry@yahoo.com,
940,John,Terry,john_terry@yahoo.com,
941,Wayne,Sara,sara789@yahoo.com,
942,John,Terry,john_terry@yahoo.com,
943,John,Terry,john_terry@yahoo.com,
944,Wayne,Sara,sara789@yahoo.com,
945,John,Terry,john_terry@yahoo.com,
946,John,Terry,john_terry@yahoo.com,
947,Wayne,Sara,sara789@yahoo.com,
948,John,Terry,john_terry@yahoo.com,
949,John,Terry,john_terry@yahoo.com,
950,Wayne,Sara,sara789@yahoo.com,
951,John,Terry,john_terry@yahoo.com,
952,John,Terry,john_terry@yahoo.com,
953,Wayne,Sara,sara789@yahoo.com,
954,John,Terry,john_terry@yahoo.com,
955,John,Terry,john_terry@yahoo.com,
956,Wayne,Sara,sara789@yahoo.com,
957,John,Terry,john_terry@yahoo.com,
958,John,Terry,john_terry@yahoo.com,
959,Wayne,Sara,sara789@yahoo.com,
960,John,Terry,john_terry@yahoo.com,
961,John,Terry,john_terry@yahoo.com,
962,Wayne,Sara,sara789@yahoo.com,
963,John,Terry,john_terry@yahoo.com,
964,John,Terry,john_terry@yahoo.com,
965,Wayne,Sara,sara789@yahoo.com,
966,John,Terry,john_terry@yahoo.com,
967,John,Terry,john_terry@yahoo.com,
968,Wayne,Sara,sara789@yahoo.com,
969,John,Terry,john_terry@yahoo.com,
970,John,Terry,john_terry@yahoo.com,
971,Wayne,Sara,sara789@yahoo.com,
972,John,Terry,john_terry@yahoo.com,
973,John,Terry,john_terry@yahoo.com,
974,Wayne,Sara,sara789@yahoo.com,
975,John,Terry,john_terry@yahoo.com,
976,John,Terry,john_terry@yahoo.com,
977,Wayne,Sara,sara789@yahoo.com,
978,John,Terry,john_terry@yahoo.com,
979,John,Terry,john_terry@yahoo.com,
980,Wayne,Sara,sara789@yahoo.com,
981,John,Terry,john_terry@yahoo.com,
982,John,Terry,john_terry@yahoo.com,
983,Wayne,Sara,sara789@yahoo.com,
984,John,Terry,john_terry@yahoo.com,
985,John,Terry,john_terry@yahoo.com,
986,Wayne,Sara,sara789@yahoo.com,
987,John,Terry,john_terry@yahoo.com,
988,John,Terry,john_terry@yahoo.com,
989,Wayne,Sara,sara789@yahoo.com,
990,John,Terry,john_terry@yahoo.com,
991,John,Terry,john_terry@yahoo.com,
992,Wayne,Sara,sara789@yahoo.com,
993,John,Terry,john_terry@yahoo.com,
994,John,Terry,john_terry@yahoo.com,
995,Wayne,Sara,sara789@yahoo.com,
996,John,Terry,john_terry@yahoo.com,
997,John,Terry,john_terry@yahoo.com,
998,Wayne,Sara,sara789@yahoo.com,
999,John,Terry,john_terry@yahoo.com,
1000,John,Terry,john_terry@yahoo.com,
